team_slug,reddit_subreddit,notes
buffalo-bills,buffalobills,
miami-dolphins,miamidolphins,
new-england-patriots,Patriots,
new-york-jets,nyjets,
baltimore-ravens,ravens,
cincinnati-bengals,bengals,
cleveland-browns,browns,
pittsburgh-steelers,steelers,
houston-texans,Texans,
indianapolis-colts,Colts,
jacksonville-jaguars,jaguars,
tennessee-titans,Tennesseetitans,
denver-broncos,DenverBroncos,
kansas-city-chiefs,KansasCityChiefs,
las-vegas-raiders,raiders,
los-angeles-chargers,Chargers,
dallas-cowboys,cowboys,
new-york-giants,NYGiants,
philadelphia-eagles,eagles,
washington-commanders,Commanders,
chicago-bears,CHIBears,
detroit-lions,detroitlions,
green-bay-packers,GreenBayPackers,
minnesota-vikings,minnesotavikings,was vikings in teams.json
atlanta-falcons,falcons,
carolina-panthers,panthers,
new-orleans-saints,Saints,
tampa-bay-buccaneers,buccaneers,
arizona-cardinals,AZCardinals,
los-angeles-rams,LosAngelesRams,
san-francisco-49ers,49ers,
seattle-seahawks,Seahawks,
, nfl,League-wide; collected via r/nfl in pipeline
