team_slug,channel_url,label,source_tier,tab,expand_tabs,network
arizona-cardinals,https://www.youtube.com/@Arizona_Sports/videos,@Arizona_Sports,2,videos,false,
arizona-cardinals,https://www.youtube.com/@CardinalsTV,@CardinalsTV,2,all,true,
arizona-cardinals,https://www.youtube.com/@LockedOnCardinals/videos,@LockedOnCardinals,2,videos,false,
arizona-cardinals,https://www.youtube.com/@PHNX_Sports/videos,@PHNX_Sports,2,videos,false,
arizona-cardinals,https://www.youtube.com/@TheAZsportsfan/videos,@TheAZsportsfan,2,videos,false,
arizona-cardinals,https://www.youtube.com/c/azcardinals/videos,azcardinals,2,videos,false,
atlanta-falcons,https://www.youtube.com/@AtlantaFalcons/videos,@AtlantaFalcons,2,videos,false,
atlanta-falcons,https://www.youtube.com/@AtlantaFalconsNationLLC1/streams,@AtlantaFalconsNationLLC1,2,streams,false,
atlanta-falcons,https://www.youtube.com/@FalconsTV,@FalconsTV,2,all,true,
atlanta-falcons,https://www.youtube.com/@LockedOnFalcons/videos,@LockedOnFalcons,2,videos,false,
atlanta-falcons,https://www.youtube.com/@TheFalcoholicLive/videos,@TheFalcoholicLive,2,videos,false,
atlanta-falcons,https://www.youtube.com/@avy3n/videos,@avy3n,2,videos,false,
baltimore-ravens,https://www.youtube.com/@BaltimoreRavens,@BaltimoreRavens,2,all,true,
baltimore-ravens,https://www.youtube.com/@IngravenvidsTKIC/videos,@IngravenvidsTKIC,2,videos,false,
baltimore-ravens,https://www.youtube.com/@LockedOnRavens,@LockedOnRavens,2,all,true,locked_on
baltimore-ravens,https://www.youtube.com/@PurpleReignPodcast/videos,@PurpleReignPodcast,2,videos,false,
baltimore-ravens,https://www.youtube.com/@RavensTV,@RavensTV,2,all,true,
baltimore-ravens,https://www.youtube.com/@fortheflock/videos,@fortheflock,2,videos,false,
baltimore-ravens,https://www.youtube.com/@ravensvaultpodcast,@ravensvaultpodcast,2,all,true,
buffalo-bills,https://www.youtube.com/@BuffaloPlus,@BuffaloPlus,2,all,true,
buffalo-bills,https://www.youtube.com/@ShoutBillsPodcast/featured,@ShoutBillsPodcast,2,featured,false,
buffalo-bills,https://www.youtube.com/@buffalobills,@buffalobills,1,all,true,
buffalo-bills,https://www.youtube.com/@theBuffaloFanatics,@theBuffaloFanatics,2,all,true,
buffalo-bills,https://www.youtube.com/LockedOnBills,LockedOnBills,2,all,true,
carolina-panthers,https://www.youtube.com/@C3PanthersPod/streams,@C3PanthersPod,2,streams,false,
carolina-panthers,https://www.youtube.com/@LockedOnPanthers,@LockedOnPanthers,2,all,true,
carolina-panthers,https://www.youtube.com/@PantherNationPodcast/streams,@PantherNationPodcast,2,streams,false,
carolina-panthers,https://www.youtube.com/@UBSportsTalk/videos,@UBSportsTalk,2,videos,false,
carolina-panthers,https://www.youtube.com/carolinapanthers,carolinapanthers,2,all,true,
chicago-bears,https://www.youtube.com/@CHGOSports/videos,@CHGOSports,2,videos,false,
chicago-bears,https://www.youtube.com/@ChicagoBears/videos,@ChicagoBears,2,videos,false,
chicago-bears,https://www.youtube.com/@ForwardProgress312/videos,@ForwardProgress312,2,videos,false,
chicago-bears,https://www.youtube.com/@LockedOnBears,@LockedOnBears,2,all,true,locked_on
chicago-bears,https://www.youtube.com/@SwiftSportsNetwork/videos,@SwiftSportsNetwork,2,videos,false,
chicago-bears,https://www.youtube.com/@thescorechicago/videos,@thescorechicago,2,videos,false,
chicago-bears,https://www.youtube.com/@BearsNow,BearsNow,2,all,true,chat_sports
cincinnati-bengals,https://www.youtube.com/@Bengals,@Bengals,1,all,true,
cincinnati-bengals,https://www.youtube.com/@BengalsTalk,@BengalsTalk,1,all,true,
cincinnati-bengals,https://www.youtube.com/@TheGrowlerPodcast,@TheGrowlerPodcast,2,all,true,
cincinnati-bengals,https://www.youtube.com/@firststarmediagroup,@firststarmediagroup,2,all,true,
cincinnati-bengals,https://www.youtube.com/@BengalsTV,BengalsTV,2,all,true,chat_sports
cincinnati-bengals,https://www.youtube.com/c/lockedonbengals,lockedonbengals,2,all,true,
cleveland-browns,https://www.youtube.com/@ClevelandBrownsonclevelandcom/videos,@ClevelandBrownsonclevelandcom,2,videos,false,
cleveland-browns,https://www.youtube.com/@LockedOnBrowns,@LockedOnBrowns,2,all,true,locked_on
cleveland-browns,https://www.youtube.com/@OrangeAndBrownReport/videos,@OrangeAndBrownReport,2,videos,false,
cleveland-browns,https://www.youtube.com/@QuincyCarrier,@QuincyCarrier,2,all,true,
cleveland-browns,https://www.youtube.com/@TheDawgsPodcast/videos,@TheDawgsPodcast,2,videos,false,
cleveland-browns,https://www.youtube.com/@browns/videos,@browns,1,videos,false,
cleveland-browns,https://www.youtube.com/@brownsfilmbreakdown/videos,@brownsfilmbreakdown,1,videos,false,
cleveland-browns,https://www.youtube.com/@BrownsReport,BrownsReport,2,all,true,chat_sports
dallas-cowboys,https://www.youtube.com/@DLLS_Sports,@DLLS_Sports,2,all,true,
dallas-cowboys,https://www.youtube.com/@FishSportsCowboys/videos,@FishSportsCowboys,2,videos,false,
dallas-cowboys,https://www.youtube.com/@LawNationSports/videos,@LawNationSports,2,videos,false,
dallas-cowboys,https://www.youtube.com/@LockedOnCowboys,@LockedOnCowboys,2,all,true,locked_on
dallas-cowboys,https://www.youtube.com/@VochLombardi/videos,@VochLombardi,2,videos,false,
dallas-cowboys,https://www.youtube.com/@CowboysTV,CowboysTV,2,all,true,chat_sports
dallas-cowboys,https://www.youtube.com/c/DallasCowboys/videos,DallasCowboys,2,videos,false,
denver-broncos,https://www.youtube.com/@DNVR_Sports/videos,@DNVR_Sports,2,videos,false,
denver-broncos,https://www.youtube.com/@LockedOnBroncos/featured,@LockedOnBroncos,2,featured,false,locked_on
denver-broncos,https://www.youtube.com/@MileHighHuddle,@MileHighHuddle,2,all,true,
denver-broncos,https://www.youtube.com/@broncos,@broncos,1,all,true,
denver-broncos,https://www.youtube.com/@BroncosTV,BroncosTV,2,all,true,chat_sports
detroit-lions,https://www.youtube.com/@DetroitLionsPodcast/videos,@DetroitLionsPodcast,2,videos,false,
detroit-lions,https://www.youtube.com/@LionsToday/videos,@LionsToday,2,videos,false,
detroit-lions,https://www.youtube.com/@LockedOnLions/videos,@LockedOnLions,2,videos,false,
detroit-lions,https://www.youtube.com/@PrideofDetroit/videos,@PrideofDetroit,2,videos,false,
detroit-lions,https://www.youtube.com/@detroitlionsnfl,@detroitlionsnfl,2,all,true,
detroit-lions,https://www.youtube.com/@LionsToday,LionsToday,2,all,true,chat_sports
green-bay-packers,https://www.youtube.com/@Basaraski/videos,@Basaraski,2,videos,false,
green-bay-packers,https://www.youtube.com/@LockedOnPackers,@LockedOnPackers,2,all,true,locked_on
green-bay-packers,https://www.youtube.com/@PackADayPodcast/videos,@PackADayPodcast,2,videos,false,
green-bay-packers,https://www.youtube.com/@cheeseheadtv/videos,@cheeseheadtv,2,videos,false,
green-bay-packers,https://www.youtube.com/@packers/videos,@packers,1,videos,false,
houston-texans,https://www.youtube.com/@AaronWilsonSport/videos,@AaronWilsonSport,2,videos,false,
houston-texans,https://www.youtube.com/@HoustonTexans,@HoustonTexans,2,all,true,
houston-texans,https://www.youtube.com/@LockedOnTexans/videos,@LockedOnTexans,2,videos,false,
houston-texans,https://www.youtube.com/@SLTexans/videos,@SLTexans,2,videos,false,
houston-texans,https://www.youtube.com/@SethPayneShow/videos,@SethPayneShow,2,videos,false,
houston-texans,https://www.youtube.com/@TexansOnTap/videos,@TexansOnTap,2,videos,false,
houston-texans,https://www.youtube.com/@codystoots1/videos,@codystoots1,2,videos,false,
houston-texans,https://www.youtube.com/@TexansTV,TexansTV,2,all,true,chat_sports
indianapolis-colts,https://www.youtube.com/@LockedOnColts,@LockedOnColts,2,all,true,
indianapolis-colts,https://www.youtube.com/@indystartv-colts/videos,@indystartv-colts,2,videos,false,
indianapolis-colts,https://www.youtube.com/channel/UCxaL_pu9z7f9nE_W8pRKfHQ,channel,2,all,true,
indianapolis-colts,https://www.youtube.com/c/colts,colts,2,all,true,
jacksonville-jaguars,https://www.youtube.com/@LockedOnJaguars,@LockedOnJaguars,2,all,true,
jacksonville-jaguars,https://www.youtube.com/@UCF_Jaguar/videos,@UCF_Jaguar,2,videos,false,
jacksonville-jaguars,https://www.youtube.com/@jaguars/videos,@jaguars,1,videos,false,
kansas-city-chiefs,https://www.youtube.com/@AllChiefdUp/videos,@AllChiefdUp,2,videos,false,
kansas-city-chiefs,https://www.youtube.com/@KCChiefsDigest,@KCChiefsDigest,2,all,true,
kansas-city-chiefs,https://www.youtube.com/@KCSportsNetwork/videos,@KCSportsNetwork,2,videos,false,
kansas-city-chiefs,https://www.youtube.com/@KansasCityChiefs,@KansasCityChiefs,2,all,true,
kansas-city-chiefs,https://www.youtube.com/@LockedOnChiefs,@LockedOnChiefs,2,all,true,locked_on
kansas-city-chiefs,https://www.youtube.com/@RGR/videos,@RGR,2,videos,false,
kansas-city-chiefs,https://www.youtube.com/@hbtCHIEFS/videos,@hbtCHIEFS,2,videos,false,
kansas-city-chiefs,https://www.youtube.com/@ChiefsTV,ChiefsTV,2,all,true,chat_sports
las-vegas-raiders,https://www.youtube.com/@LASVEGASRAIDERSINSIDER,@LASVEGASRAIDERSINSIDER,2,all,true,
las-vegas-raiders,https://www.youtube.com/@LockedOnRaiders/videos,@LockedOnRaiders,2,videos,false,
las-vegas-raiders,https://www.youtube.com/@RaidersReport,@RaidersReport,2,all,true,
las-vegas-raiders,https://www.youtube.com/@SIlverBlackToday/videos,@SIlverBlackToday,2,videos,false,
las-vegas-raiders,https://www.youtube.com/@SanjitT,@SanjitT,2,all,true,
las-vegas-raiders,https://www.youtube.com/@raiderfilms6482/videos,@raiderfilms6482,2,videos,false,
las-vegas-raiders,https://www.youtube.com/c/Raiders,Raiders,1,all,true,
los-angeles-chargers,https://www.youtube.com/@BoltBrosPodcast/videos,@BoltBrosPodcast,2,videos,false,
los-angeles-chargers,https://www.youtube.com/@ChargerChatPodcast/videos,@ChargerChatPodcast,2,videos,false,
los-angeles-chargers,https://www.youtube.com/@Chargers,@Chargers,1,all,true,
los-angeles-chargers,https://www.youtube.com/@ChargersUnleashed/videos,@ChargersUnleashed,1,videos,false,
los-angeles-chargers,https://www.youtube.com/@LockedOnChargers/videos,@LockedOnChargers,2,videos,false,
los-angeles-chargers,https://www.youtube.com/@TheDirectorChargers/videos,@TheDirectorChargers,2,videos,false,
los-angeles-chargers,https://www.youtube.com/@guiltyascharged7752/videos,@guiltyascharged7752,2,videos,false,
los-angeles-rams,https://www.youtube.com/@1standTunaPodcast/streams,@1standTunaPodcast,2,streams,false,
los-angeles-rams,https://www.youtube.com/@JKBOGEN15/videos,@JKBOGEN15,2,videos,false,
los-angeles-rams,https://www.youtube.com/@LARams/videos,@LARams,2,videos,false,
los-angeles-rams,https://www.youtube.com/@LockedOnRams/videos,@LockedOnRams,2,videos,false,
los-angeles-rams,https://www.youtube.com/@RamsLAFB/videos,@RamsLAFB,2,videos,false,
miami-dolphins,https://www.youtube.com/@DolphinsTalk/videos,@DolphinsTalk,2,videos,false,
miami-dolphins,https://www.youtube.com/@DouglieDoWrong/videos,@DouglieDoWrong,2,videos,false,
miami-dolphins,https://www.youtube.com/@LockedOnDolphins,@LockedOnDolphins,2,all,true,locked_on
miami-dolphins,https://www.youtube.com/@MiamiDolphins/featured,@MiamiDolphins,2,featured,false,
miami-dolphins,https://www.youtube.com/@DolphinsNews,DolphinsNews,2,all,true,chat_sports
minnesota-vikings,https://www.youtube.com/@PurpleDailyPodcast/videos,@PurpleDailyPodcast,2,videos,false,
minnesota-vikings,https://www.youtube.com/@PurpleInsider/videos,@PurpleInsider,2,videos,false,
minnesota-vikings,https://www.youtube.com/@vikings/videos,@vikings,1,videos,false,
minnesota-vikings,https://www.youtube.com/@vikings1stskol92/videos,@vikings1stskol92,1,videos,false,
minnesota-vikings,https://www.youtube.com/c/LockedOnVikings,LockedOnVikings,2,all,true,
minnesota-vikings,https://www.youtube.com/@VikingsToday,VikingsToday,2,all,true,chat_sports
new-england-patriots,https://www.youtube.com/@LockedOnPatriots,@LockedOnPatriots,2,all,true,locked_on
new-england-patriots,https://www.youtube.com/@PatriotsPressPass/videos,@PatriotsPressPass,1,videos,false,
new-england-patriots,https://www.youtube.com/@nbcsboston,@nbcsboston,2,all,true,
new-england-patriots,https://www.youtube.com/@patriots/videos,@patriots,1,videos,false,
new-england-patriots,https://www.youtube.com/@PatriotsToday,PatriotsToday,2,all,true,chat_sports
new-orleans-saints,https://www.youtube.com/@JamesSkrmetta/videos,@JamesSkrmetta,2,videos,false,
new-orleans-saints,https://www.youtube.com/@LockedOnSaints/videos,@LockedOnSaints,2,videos,false,
new-orleans-saints,https://www.youtube.com/@NOF/videos,@NOF,2,videos,false,
new-orleans-saints,https://www.youtube.com/c/NewOrleansSaints/videos,NewOrleansSaints,2,videos,false,
new-orleans-saints,https://www.youtube.com/@SaintsToday,SaintsToday,2,all,true,chat_sports
new-york-giants,https://www.youtube.com/@Bigblueview/videos,@Bigblueview,2,videos,false,
new-york-giants,https://www.youtube.com/@GiantsNationShow/videos,@GiantsNationShow,2,videos,false,
new-york-giants,https://www.youtube.com/@LockedOnGiantsNFL,@LockedOnGiantsNFL,2,all,true,locked_on
new-york-giants,https://www.youtube.com/@TalkinGiants/videos,@TalkinGiants,2,videos,false,
new-york-giants,https://www.youtube.com/@bigbluebanter1108/videos,@bigbluebanter1108,2,videos,false,
new-york-giants,https://www.youtube.com/@nygiants/videos,@nygiants,1,videos,false,
new-york-giants,https://www.youtube.com/@NYGiantsTV,NYGiantsTV,2,all,true,chat_sports
new-york-jets,https://www.youtube.com/@JetNation/videos,@JetNation,2,videos,false,
new-york-jets,https://www.youtube.com/@LockedOnJetsNFL,@LockedOnJetsNFL,2,all,true,locked_on
new-york-jets,https://www.youtube.com/@TalkinJets,@TalkinJets,2,all,true,
new-york-jets,https://www.youtube.com/@nyjets,@nyjets,1,all,true,
new-york-jets,https://www.youtube.com/channel/UCPrLo3MozRhkbV-XCPsQxDg,channel,2,all,true,
philadelphia-eagles,https://www.youtube.com/@EaglesPressConferences/videos,@EaglesPressConferences,1,videos,false,
philadelphia-eagles,https://www.youtube.com/@InsideTheBirds/videos,@InsideTheBirds,2,videos,false,
philadelphia-eagles,https://www.youtube.com/@LockedOnEagles,@LockedOnEagles,2,all,true,locked_on
philadelphia-eagles,https://www.youtube.com/@PHLY_Sports/videos,@PHLY_Sports,2,videos,false,
philadelphia-eagles,https://www.youtube.com/@PhillyFilmRoom/videos,@PhillyFilmRoom,2,videos,false,
philadelphia-eagles,https://www.youtube.com/@ThomasRinggaard/videos,@ThomasRinggaard,2,videos,false,
philadelphia-eagles,https://www.youtube.com/@TopBillinSports/videos,@TopBillinSports,2,videos,false,
philadelphia-eagles,https://www.youtube.com/@eagles/videos,@eagles,1,videos,false,
philadelphia-eagles,https://www.youtube.com/@EaglesNow,EaglesNow,2,all,true,chat_sports
pittsburgh-steelers,https://www.youtube.com/@LockedOnSteelers,@LockedOnSteelers,2,all,true,
pittsburgh-steelers,https://www.youtube.com/@PghSteelersNow/videos,@PghSteelersNow,2,videos,false,
pittsburgh-steelers,https://www.youtube.com/@SteelTwins/videos,@SteelTwins,2,videos,false,
pittsburgh-steelers,https://www.youtube.com/@SteelersAlmighty/streams,@SteelersAlmighty,1,streams,false,
pittsburgh-steelers,https://www.youtube.com/@SteelersTV,@SteelersTV,1,all,true,
pittsburgh-steelers,https://www.youtube.com/@Steelers_DB/videos,@Steelers_DB,1,videos,false,
pittsburgh-steelers,https://www.youtube.com/@steelcnetwork/videos,@steelcnetwork,2,videos,false,
pittsburgh-steelers,https://www.youtube.com/@steelers/videos,@steelers,1,videos,false,
san-francisco-49ers,https://www.youtube.com/c/49ers/videos,49ers,1,videos,false,
san-francisco-49ers,https://www.youtube.com/@49ersTV,49ersTV,2,all,true,chat_sports
san-francisco-49ers,https://www.youtube.com/@49ersRush/videos,@49ersRush,2,videos,false,
san-francisco-49ers,https://www.youtube.com/@DavidLombardi/videos,@DavidLombardi,2,videos,false,
san-francisco-49ers,https://www.youtube.com/@LockedOn49ers/videos,@LockedOn49ers,2,videos,false,
san-francisco-49ers,https://www.youtube.com/@guyhaberman/videos,@guyhaberman,2,videos,false,
san-francisco-49ers,https://www.youtube.com/channel/UC0gcqB3GjUGuEvnx418MfJg/videos,channel,2,videos,false,
seattle-seahawks,https://www.youtube.com/@LockedOnSeahawks,@LockedOnSeahawks,2,all,true,
seattle-seahawks,https://www.youtube.com/@SeaHawkersPodcast,@SeaHawkersPodcast,2,all,true,
seattle-seahawks,https://www.youtube.com/@SeahawksTV,@SeahawksTV,2,all,true,
seattle-seahawks,https://www.youtube.com/@SeattleSports710/videos,@SeattleSports710,2,videos,false,
seattle-seahawks,https://www.youtube.com/@hawkblogger/videos,@hawkblogger,2,videos,false,
seattle-seahawks,https://www.youtube.com/@robstatonfootball/streams,@robstatonfootball,2,streams,false,
seattle-seahawks,https://www.youtube.com/@seahawksforeverdanviens/videos,@seahawksforeverdanviens,2,videos,false,
seattle-seahawks,https://www.youtube.com/c/seahawks/videos,seahawks,1,videos,false,
tampa-bay-buccaneers,https://www.youtube.com/@LockedOnBucs,@LockedOnBucs,2,all,true,locked_on
tampa-bay-buccaneers,https://www.youtube.com/@MrBucsNation/videos,@MrBucsNation,2,videos,false,
tampa-bay-buccaneers,https://www.youtube.com/@PewterReportTV/videos,@PewterReportTV,2,videos,false,
tampa-bay-buccaneers,https://www.youtube.com/@RealBucsTalk/videos,@RealBucsTalk,2,videos,false,
tampa-bay-buccaneers,https://www.youtube.com/@buccaneers/videos,@buccaneers,2,videos,false,
tennessee-titans,https://www.youtube.com/@AtoZSportsNashville/videos,@AtoZSportsNashville,2,videos,false,
tennessee-titans,https://www.youtube.com/@LockedOnTitans,@LockedOnTitans,2,all,true,locked_on
tennessee-titans,https://www.youtube.com/@MusicCityAudiblePodcast/videos,@MusicCityAudiblePodcast,2,videos,false,
tennessee-titans,https://www.youtube.com/@TitanUploadNetwork,@TitanUploadNetwork,2,all,true,
tennessee-titans,https://www.youtube.com/@TitansToday,TitansToday,2,all,true,chat_sports
tennessee-titans,https://www.youtube.com/titans,titans,2,all,true,
washington-commanders,https://www.youtube.com/@EdOliverskins/videos,@EdOliverskins,2,videos,false,
washington-commanders,https://www.youtube.com/@LockedOnCommanders,@LockedOnCommanders,2,all,true,locked_on
washington-commanders,https://www.youtube.com/@LouieTeeNetwork/videos,@LouieTeeNetwork,2,videos,false,
washington-commanders,https://www.youtube.com/@Rio_Robinson91/videos,@Rio_Robinson91,2,videos,false,
washington-commanders,https://www.youtube.com/@StreetScores/videos,@StreetScores,2,videos,false,
washington-commanders,https://www.youtube.com/@TheTeam980/videos,@TheTeam980,2,videos,false,
washington-commanders,https://www.youtube.com/@commanders,@commanders,1,all,true,
washington-commanders,https://www.youtube.com/@WFTTV,WFTTV,2,all,true,chat_sports
