Buffalo Bills	Miami Dolphins	New England Patriots	New York Jets	Baltimore Ravens	Cincinnati Bengals	Cleveland Browns	Pittsburgh Steelers	Houston Texans	Indianapolis Colts	Jacksonville Jaguars	Tennessee Titans	Denver Broncos	Kansas City Chiefs	Las Vegas Raiders	Los Angeles Chargers	Dallas Cowboys	New York Giants	Philadelphia Eagles	Washington Commanders	Chicago Bears	Detroit Lions	Green Bay Packers	Minnesota Vikings	Atlanta Falcons	Carolina Panthers	New Orleans Saints	Tampa Bay Buccaneers	Arizona Cardinals	Los Angeles Rams	San Francisco 49ers	Seattle Seahawks
https://www.youtube.com/LockedOnBills	https://www.youtube.com/@DouglieDoWrong/videos	https://www.youtube.com/@PatriotsPressPass/videos	https://www.youtube.com/@JetNation/videos	https://www.youtube.com/@PurpleReignPodcast/videos	https://www.youtube.com/@TheGrowlerPodcast	https://www.youtube.com/@ClevelandBrownsonclevelandcom/videos	https://www.youtube.com/@PghSteelersNow/videos	https://www.youtube.com/@AaronWilsonSport/videos	https://www.youtube.com/@LockedOnColts	https://www.youtube.com/@LockedOnJaguars	https://www.youtube.com/@TitanUploadNetwork	https://www.youtube.com/@MileHighHuddle	https://www.youtube.com/@hbtCHIEFS/videos	https://www.youtube.com/@LockedOnRaiders/videos	https://www.youtube.com/@ChargerChatPodcast/videos	https://www.youtube.com/@VochLombardi/videos	https://www.youtube.com/@TalkinGiants/videos	https://www.youtube.com/@InsideTheBirds/videos	https://www.youtube.com/@LouieTeeNetwork/videos	https://www.youtube.com/@SwiftSportsNetwork/videos	https://www.youtube.com/@LockedOnLions/videos	https://www.youtube.com/@cheeseheadtv/videos	https://www.youtube.com/@PurpleDailyPodcast/videos	https://www.youtube.com/@FalconsTV	https://www.youtube.com/@PantherNationPodcast/streams	https://www.youtube.com/@NOF/videos	https://www.youtube.com/@MrBucsNation/videos	https://www.youtube.com/@TheAZsportsfan/videos	https://www.youtube.com/@JKBOGEN15/videos	https://www.youtube.com/@DavidLombardi/videos	https://www.youtube.com/@SeahawksTV
https://www.youtube.com/@BuffaloPlus	https://www.youtube.com/@DolphinsTalk/videos	https://www.youtube.com/@patriots/videos	https://www.youtube.com/channel/UCPrLo3MozRhkbV-XCPsQxDg	https://www.youtube.com/@IngravenvidsTKIC/videos	https://www.youtube.com/c/lockedonbengals	https://www.youtube.com/@TheDawgsPodcast/videos	https://www.youtube.com/@SteelersAlmighty/streams	https://www.youtube.com/@SethPayneShow/videos	https://www.youtube.com/channel/UCxaL_pu9z7f9nE_W8pRKfHQ	https://www.youtube.com/@UCF_Jaguar/videos	https://www.youtube.com/@MusicCityAudiblePodcast/videos	https://www.youtube.com/@broncos	https://www.youtube.com/@AllChiefdUp/videos	https://www.youtube.com/@RaidersReport	https://www.youtube.com/@LockedOnChargers/videos	https://www.youtube.com/@LawNationSports/videos	https://www.youtube.com/@Bigblueview/videos	https://www.youtube.com/@TopBillinSports/videos	https://www.youtube.com/@StreetScores/videos	https://www.youtube.com/@ForwardProgress312/videos	https://www.youtube.com/@PrideofDetroit/videos	https://www.youtube.com/@PackADayPodcast/videos	https://www.youtube.com/@PurpleInsider/videos	https://www.youtube.com/@LockedOnFalcons/videos	https://www.youtube.com/@LockedOnPanthers	https://www.youtube.com/@LockedOnSaints/videos	https://www.youtube.com/@PewterReportTV/videos	https://www.youtube.com/c/azcardinals/videos	https://www.youtube.com/@1standTunaPodcast/streams	https://www.youtube.com/@LockedOn49ers/videos	https://www.youtube.com/@seahawksforeverdanviens/videos
https://www.youtube.com/@theBuffaloFanatics	https://www.youtube.com/@MiamiDolphins/featured	https://www.youtube.com/@nbcsboston	https://www.youtube.com/@TalkinJets	https://www.youtube.com/@ravensvaultpodcast	https://www.youtube.com/@BengalsTalk	https://www.youtube.com/@OrangeAndBrownReport/videos	https://www.youtube.com/@LockedOnSteelers	https://www.youtube.com/@codystoots1/videos	https://www.youtube.com/c/colts	https://www.youtube.com/@jaguars/videos	https://www.youtube.com/@AtoZSportsNashville/videos	https://www.youtube.com/@DNVR_Sports/videos	https://www.youtube.com/@KCSportsNetwork/videos	https://www.youtube.com/@LASVEGASRAIDERSINSIDER	https://www.youtube.com/@BoltBrosPodcast/videos	https://www.youtube.com/@FishSportsCowboys/videos	https://www.youtube.com/@bigbluebanter1108/videos	https://www.youtube.com/@EaglesPressConferences/videos	https://www.youtube.com/@TheTeam980/videos	https://www.youtube.com/@thescorechicago/videos	https://www.youtube.com/@LionsToday/videos	https://www.youtube.com/@Basaraski/videos	https://www.youtube.com/c/LockedOnVikings	https://www.youtube.com/@TheFalcoholicLive/videos	https://www.youtube.com/carolinapanthers	https://www.youtube.com/@JamesSkrmetta/videos	https://www.youtube.com/@buccaneers/videos	https://www.youtube.com/@Arizona_Sports/videos	https://www.youtube.com/@LockedOnRams/videos	https://www.youtube.com/@guyhaberman/videos	https://www.youtube.com/@robstatonfootball/streams
https://www.youtube.com/@ShoutBillsPodcast/featured			https://www.youtube.com/@nyjets	https://www.youtube.com/@RavensTV	https://www.youtube.com/@firststarmediagroup	https://www.youtube.com/@browns/videos	https://www.youtube.com/@SteelersTV	https://www.youtube.com/@LockedOnTexans/videos	https://www.youtube.com/@indystartv-colts/videos		https://www.youtube.com/titans		https://www.youtube.com/@RGR/videos	https://www.youtube.com/@SIlverBlackToday/videos	https://www.youtube.com/@guiltyascharged7752/videos	https://www.youtube.com/c/DallasCowboys/videos	https://www.youtube.com/@nygiants/videos	https://www.youtube.com/@PHLY_Sports/videos	https://www.youtube.com/@commanders	https://www.youtube.com/@ChicagoBears/videos	https://www.youtube.com/@detroitlionsnfl	https://www.youtube.com/@packers/videos	https://www.youtube.com/@vikings/videos	https://www.youtube.com/@AtlantaFalcons/videos	https://www.youtube.com/@UBSportsTalk/videos	https://www.youtube.com/c/NewOrleansSaints/videos	https://www.youtube.com/@RealBucsTalk/videos	https://www.youtube.com/@PHNX_Sports/videos	https://www.youtube.com/@LARams/videos	https://www.youtube.com/c/49ers/videos	https://www.youtube.com/@seahawksforeverdanviens/videos
https://www.youtube.com/@buffalobills				https://www.youtube.com/@fortheflock/videos	https://www.youtube.com/@Bengals	https://www.youtube.com/@brownsfilmbreakdown/videos	https://www.youtube.com/@SteelTwins/featured	https://www.youtube.com/@HoustonTexans					https://www.youtube.com/@KansasCityChiefs	https://www.youtube.com/c/Raiders	https://www.youtube.com/@ChargersUnleashed/videos	https://www.youtube.com/@DLLS_Sports	https://www.youtube.com/@GiantsNationShow/videos	https://www.youtube.com/@PhillyFilmRoom/videos	https://www.youtube.com/@Rio_Robinson91/videos	https://www.youtube.com/@CHGOSports/videos	https://www.youtube.com/@DetroitLionsPodcast/videos		https://www.youtube.com/@vikings1stskol92/videos	https://www.youtube.com/@AtlantaFalconsNationLLC1/streams	https://www.youtube.com/@C3PanthersPod/streams			https://www.youtube.com/@LockedOnCardinals/videos	https://www.youtube.com/@RamsLAFB/videos	https://www.youtube.com/channel/UC0gcqB3GjUGuEvnx418MfJg/videos	https://www.youtube.com/c/seahawks/videos
				https://www.youtube.com/@BaltimoreRavens		https://www.youtube.com/@QuincyCarrier	https://www.youtube.com/@steelcnetwork/videos	https://www.youtube.com/@TexansOnTap/videos					https://www.youtube.com/@KCChiefsDigest	https://www.youtube.com/@SanjitT	https://www.youtube.com/@Chargers			https://www.youtube.com/@eagles/videos	https://www.youtube.com/@EdOliverskins/videos					https://www.youtube.com/@avy3n/videos				https://www.youtube.com/@CardinalsTV		https://www.youtube.com/@49ersRush/videos	https://www.youtube.com/@SeattleSports710/videos
							https://www.youtube.com/@steelers/videos	https://www.youtube.com/@SLTexans/videos						https://www.youtube.com/@raiderfilms6482/videos	https://www.youtube.com/@TheDirectorChargers/videos			https://www.youtube.com/@ThomasRinggaard/videos													https://www.youtube.com/@hawkblogger/videos
							https://www.youtube.com/@Steelers_DB/videos																								https://www.youtube.com/@SeaHawkersPodcast
																															https://www.youtube.com/@LockedOnSeahawks
